,address,Avg min between sent tnx,Avg min between received tnx,Time Diff between first and_last (Mins),Sent_tnx,Received_tnx,NumberofCreated_Contracts,UniqueReceivedFrom_Addresses,UniqueSentTo_Addresses20,MinValueReceived,MaxValueReceived,AvgValueReceived5Average,MinValSent,MaxValSent,AvgValSent,MinValueSentToContract,MaxValueSentToContract,AvgValueSentToContract,TotalTransactions(IncludingTnxtoCreate_Contract),TotalEtherSent,TotalEtherReceived,TotalEtherSent_Contracts,TotalEtherBalance,TotalERC20Tnxs:,ERC20TotalEther_Received:,ERC20TotalEther_Sent:,ERC20TotalEtherSentContract:,ERC20UniqSent_Addr:,ERC20UniqRec_Addr:,ERC20UniqRecContractAddr:,ERC20AvgTimeBetweenSent_Tnx,ERC20AvgTimeBetweenRec_Tnx,ERC20AvgTimeBetweenContract_Tnx,ERC20MinVal_Rec,ERC20MaxVal_Rec,ERC20AvgVal_Rec,ERC20MinVal_Sent,ERC20MaxVal_Sent,ERC20AvgVal_Sent,ERC20UniqSentTokenName,ERC20UniqRecTokenName,ERC20MostSentTokenType,ERC20MostRecTokenType
1510,0x82EB193D2FAd35d9c401E7318F82861C6924bfFf,0.0,0.0,0,0,0,0,0,0,0,0,0.0,0.0,0,0.0,0,0,0.0,0,0.0,0,0,0,0,0,0,0,0,0,0,0.0,0.0,0.0,0.0,0,0.0,0,0,0.0,0,0,0,0
1511,0x82dfdb2ec1aa6003ed4acba663403d7c2127ff67,0.0,30356.013736263736,36452805,0,365,1,7,0,0,0,0.0,0.0,0,0.0,0,0,0.0,2054,0.0,0,0,0,1000,0,250000000000000000000000000,0,450,0,0,37.791791791791795,0.0,0.0,0.0,0,0.0,250000000000000000000000,250000000000000000000000,2.5025025025025027e+23,1,0,akSwap.io,0
1512,0x830B99a1DF212abE46C2634F4a0D26685b2B83cF,0.0,1143722.75,4574891,0,5,0,3,0,0,48000000000000000,9600000000000000.0,0.0,0,0.0,0,0,0.0,5,0.0,48000000000000000,0,1022890000000000,5,0,0,78188041843490866096,0,0,5,0.0,0.0,811965.25,0.0,0,0.0,0,0,0.0,0,0,0,0
1513,0x8315438A8d29Ef2800c4eDB12E23Dd3660bA7d08,0.0,17595.75,70383,0,5,0,2,0,10000000000000000,1025860844143803500,9.63509688287607e+16,0.0,0,0.0,0,0,0.0,5,0.0,481754844143803500,0,0,0,0,0,0,0,0,0,0.0,0.0,0.0,0.0,0,0.0,0,0,0.0,0,0,0,0
1514,0x831Ee6BaF32C7F558d90dD8F16A45e2928c23131,0.0,3381.605633802817,240094,0,72,0,62,0,100000000000000000,70152555650000000000,9.743410506944444e+17,0.0,0,0.0,0,0,0.0,72,0.0,70152555650000000000,0,0,0,0,0,0,0,0,0,0.0,0.0,0.0,0.0,0,0.0,0,0,0.0,0,0,0,0
1515,0x8324676C7cd3a99391d1D69ce3d8A7c2b51c1f59,0.0,0.0,0,0,0,0,0,0,0,0,0.0,0.0,0,0.0,0,0,0.0,0,0.0,0,0,0,1,0,0,10000000000000000,0,0,1,0.0,0.0,0.0,0.0,0,0.0,0,0,0.0,0,0,0,0
1516,0x8328279BAA90deBe686b29a2948c7fa636cfCD2a,0.0,1045575.9,20911518,0,21,0,13,0,45000000000000000,679900000000000000,4939958095238095.0,0.0,0,0.0,0,0,0.0,21,0.0,103739120000000000,0,5000000000,0,0,0,0,0,0,0,0.0,0.0,0.0,0.0,0,0.0,0,0,0.0,0,0,0,0
1517,0x832ad88f1E81d46F9D80298597c80B577B6D4736,0.0,69915.0,69915,0,2,0,2,0,499517000000000000,500000000000000000,2.497585e+17,0.0,0,0.0,0,0,0.0,2,0.0,499517000000000000,0,0,2,0,0,13380000000000000000,0,0,2,0.0,0.0,115434688.0,0.0,0,0.0,0,0,0.0,0,0,0,0
1518,0x833167Bb2A4F348d5330DA55B3c6DFBbD554dbf7,0.0,172241.60869565216,3961557,0,24,0,4,0,0,799513312128314159,1215869370132600.5,0.0,0,0.0,0,0,0.0,25,0.0,29180864883182409,0,769118211960209,8,0,0,980610093610315611,0,0,4,0.0,0.0,277.14285714285717,0.0,0,0.0,0,0,0.0,0,0,0,0
1519,0x8335392FE1b236296C5D5f653264396De165e46c,0.0,121824.0,487296,0,5,0,5,0,500000000000000000,3499538000000000000,6.999076e+17,0.0,0,0.0,0,0,0.0,5,0.0,3499538000000000000,0,0,0,0,0,0,0,0,0,0.0,0.0,0.0,0.0,0,0.0,0,0,0.0,0,0,0,0
1520,0x8369F6723C4792b41d4AF4190662269431Ee5B0b,0.0,63325.705882352944,1076537,0,18,0,18,0,40000000000000000,31806779000000000000,1.7670432777777777e+18,0.0,0,0.0,0,0,0.0,18,0.0,31806779000000000000,0,0,1,0,0,3367117057952261136,0,0,1,0.0,0.0,0.0,0.0,0,0.0,0,0,0.0,0,0,0,0
1521,0x8374aa52Bf36EaBcA06E33c4163A081F53e39Aa3,0.0,75085.84615384616,976116,0,14,0,13,0,100000000000000000,44670000000000000000,3.1907142857142856e+18,0.0,0,0.0,0,0,0.0,14,0.0,44670000000000000000,0,8409140000000000,2,0,0,28370000000000000000,0,0,2,0.0,0.0,25849709.0,0.0,0,0.0,0,0,0.0,0,0,0,0
1522,0x837d87448dF3e3CfBE1d613287E2C16d6e8a811C,0.0,88317.0,264951,0,4,0,4,0,500000000000000000,3490000000000000000,8.725e+17,0.0,0,0.0,0,0,0.0,4,0.0,3490000000000000000,0,9139000000000000,3,0,0,2684000000000000000,0,0,3,0.0,0.0,57826804.5,0.0,0,0.0,0,0,0.0,0,0,0,0
1523,0x83885Fc61837B4A9e0960Be80DA2f2Bc581ecBC6,0.0,35959.0,251713,0,8,0,7,0,213358600000000000,5212917600000000000,6.330854e+16,0.0,0,0.0,0,0,0.0,8,0.0,506468320000000000,0,750191828274227224,2,0,0,2292623778426379559,0,0,2,0.0,0.0,5681393.0,0.0,0,0.0,0,0,0.0,0,0,0,0
1524,0x83940770976605ddA722A620DD9d91825C8D65Dc,0.0,250897.4,1254487,0,6,0,6,0,47690000000000000,2668061260000000000,4.446768766666667e+17,0.0,0,0.0,0,0,0.0,6,0.0,2668061260000000000,0,0,2,0,0,2674000000000000000,0,0,1,0.0,0.0,9774199.0,0.0,0,0.0,0,0,0.0,0,0,0,0
1525,0x839BaaCA91Cbcf6c1632c55E1AE031C6B270df19,0.0,469587.3333333333,1408762,0,4,0,3,0,150000000000000000,2200000000000000000,5.5e+17,0.0,0,0.0,0,0,0.0,4,0.0,2200000000000000000,0,11142060000000000,0,0,0,0,0,0,0,0.0,0.0,0.0,0.0,0,0.0,0,0,0.0,0,0,0,0
1526,0x839DB3994bef8842C0809AB84996bA839fCac11e,0.0,32642.89285714286,914001,0,29,0,24,0,32000000000000000,20117117562725632642,2.2187380344827588e+16,0.0,0,0.0,0,0,0.0,29,0.0,643434030000000000,0,0,5,0,0,4021000000000000911,0,0,4,0.0,0.0,33928267.25,0.0,0,0.0,0,0,0.0,0,0,0,0
1527,0x83D7Cb758C30d067e99E9f52F9e4f987101aB888,0.0,85457.5,683660,0,9,0,7,0,300000000000000000,3502537970000000000,3.891708855555556e+17,0.0,0,0.0,0,0,0.0,9,0.0,3502537970000000000,0,10000000000,2,0,0,1347000000000000000,0,0,2,0.0,0.0,115647662.0,0.0,0,0.0,0,0,0.0,0,0,0,0
1528,0x83E99AeC309c14e117097044E5eFCC3672BCd450,0.0,39450.0,39450,0,2,0,2,0,9853000000000000,10000000000000000,4926500000000000.0,0.0,0,0.0,0,0,0.0,2,0.0,9853000000000000,0,0,0,0,0,0,0,0,0,0.0,0.0,0.0,0.0,0,0.0,0,0,0.0,0,0,0,0
1529,0x83e8846bb3e2D3167C65d5C41CF2a4cAb23E6197,0.0,0.0,0,0,0,0,0,0,0,0,0.0,0.0,0,0.0,0,0,0.0,0,0.0,0,0,0,0,0,0,0,0,0,0,0.0,0.0,0.0,0.0,0,0.0,0,0,0.0,0,0,0,0
1530,0x83eE561B2aBD000FF00d6ca22f38b29d4a760d4D,0.0,23115.6,115578,0,6,0,5,0,67905100000000000,3381807380004137000,5.6363456333402285e+17,0.0,0,0.0,0,0,0.0,6,0.0,3381807380004137000,0,88200000000000,0,0,0,0,0,0,0,0.0,0.0,0.0,0.0,0,0.0,0,0,0.0,0,0,0,0
1531,0x83ec306df6BEe5320cF6a57A52ff732791c65B47,0.0,4847550.666666667,87255912,0,19,0,16,0,250000000000000000,14976942640000000000,7.882601389473684e+17,0.0,0,0.0,0,0,0.0,19,0.0,14976942640000000000,0,0,6,0,0,1599000000000089140916,0,0,4,0.0,0.0,3916423.0,0.0,0,0.0,0,0,0.0,0,0,0,0
1532,0x8408263f4f0691db34Bd7666b5Af61e19cb91B91,0.0,152527.7142857143,2135388,0,15,0,10,0,1171370000000000,2200000000000000000,3.6666666666666664e+16,0.0,0,0.0,0,0,0.0,15,0.0,550000000000000000,0,8829370000000000,4,0,0,5348000000000000000,0,0,2,0.0,0.0,3258325.6666666665,0.0,0,0.0,0,0,0.0,0,0,0,0
1533,0x8444173280E5fDC0525494638123b014CfFcC521,0.0,372532.703125,23842093,0,65,0,55,0,964040000000000,900000000000000000,953846153846153.9,0.0,0,0.0,0,0,0.0,65,0.0,62000000000000000,0,62000000000000000,1,0,0,2196884871752927461,0,0,1,0.0,0.0,0.0,0.0,0,0.0,0,0,0.0,0,0,0,0
1534,0x848b73f8cb6778203edbe4aa18f293b238fd3712,271661.1034482759,45836.482558139534,7886136,30,173,0,130,23,0,883629000000000000,520231213872832.4,6170320180494682.0,2100000000000000000,2995035114755018.0,0,0,0.0,203,8.985105344265054e+16,90000000000000000,0,3547289333327189,2,120851600902473410,0,0,0,2,0,0.0,3254230.0,0.0,3.085160090247341e+16,90000000000000000,1.208516009024734e+17,0,0,0.0,0,1,0,Ethereum
1535,0x84D785f443dF8F1f4e113fCa0b37b0fB59c8a0E0,0.0,156.0,156,0,2,0,2,0,0,10763534834061675,0.0,0.0,0,0.0,0,0,0.0,2,0.0,0,0,3581255834061675,6,0,0,19289337030000000000008,0,0,6,0.0,0.0,13796009.6,0.0,0,0.0,0,0,0.0,0,0,0,0
1536,0x84a6a08b31458B705268703464a2710dD56B33A1,0.0,362262.625,11592404,0,33,0,2,0,0,500000000000000000,0.0,0.0,0,0.0,0,0,0.0,33,0.0,0,0,358868970441679616,0,0,0,0,0,0,0,0.0,0.0,0.0,0.0,0,0.0,0,0,0.0,0,0,0,0
1537,0x84a8e201cfce8a10b1e721e1940a78a3326b7c97,0.0,0.0,0,0,0,0,0,0,0,0,0.0,0.0,0,0.0,0,0,0.0,0,0.0,0,0,0,0,0,0,0,0,0,0,0.0,0.0,0.0,0.0,0,0.0,0,0,0.0,0,0,0,0
1538,0x85234C92D4dDdF239df9c76497A6516fDf546577,0.0,2256770.3333333335,20310933,0,10,0,3,0,80000000000000000,990000000000000000,3.15567e+16,0.0,0,0.0,0,0,0.0,10,0.0,315567000000000000,0,0,4,0,0,5348000000000000000,0,0,3,0.0,0.0,3258325.6666666665,0.0,0,0.0,0,0,0.0,0,0,0,0
1539,0x8532D553Ac7eb83b0A75fa6De3e298106e8BfcB8,0.0,148021.42105263157,2812407,0,20,0,15,0,0,3100000000000000000,3.25e+16,0.0,0,0.0,0,0,0.0,20,0.0,650000000000000000,0,8358028817883585,0,0,0,0,0,0,0,0.0,0.0,0.0,0.0,0,0.0,0,0,0.0,0,0,0,0
1540,0x854b62b692aC8411C3a45463c44CBdAbAC2D6913,0.0,0.0,0,0,0,0,0,0,0,0,0.0,0.0,0,0.0,0,0,0.0,0,0.0,0,0,0,0,0,0,0,0,0,0,0.0,0.0,0.0,0.0,0,0.0,0,0,0.0,0,0,0,0
1541,0x85704b506E10b10D714eAd28CdE947bAA58F0EA4,0.0,117138637.0,117138637,0,2,0,2,0,251426000000000000,294426000000000000,1.25713e+17,0.0,0,0.0,0,0,0.0,2,0.0,251426000000000000,0,18605362469897155,3,0,0,490431334471679313321792678,0,0,3,0.0,0.0,64143616.0,0.0,0,0.0,0,0,0.0,0,0,0,0
1542,0x8583EE650C6566503d1d9DD3FaE76498e7E4CcAA,0.0,331115.5333333333,4966733,0,16,0,9,0,1000000000000000,10220683510000000000,4.089193125e+16,0.0,0,0.0,0,0,0.0,16,0.0,654270900000000000,0,701220880000000000,0,0,0,0,0,0,0,0.0,0.0,0.0,0.0,0,0.0,0,0,0.0,0,0,0,0
1543,0x858457daA7e087ad74cDeeCEAb8419079bC2cA03,0.0,14588.182692307691,3034342,0,209,0,105,0,0,680000000000000000000,6698564593301435.0,0.0,0,0.0,0,0,0.0,220,0.0,1400000000000000000,0,56473982597970315,214,0,0,1922692396680801527553950,0,0,116,0.0,0.0,767944.7934272301,0.0,0,0.0,0,0,0.0,0,0,0,0
1544,0x858457daa7e087ad74cdeeceab8419079bc2ca03,31271.721649484534,27565.79090909091,3034342,98,111,0,104,53,10000000000000000,193500000000000000000,9009009009009010.0,0.0,680000000000000000000,1.4285714285714286e+16,0,0,0.0,220,1.4e+18,1000000000000000000,0,56473982597970315,214,955652540340471364776975,955645856340330162776975,11394000000000000000000,13,112,4,48132.380952380954,1128084.4206896552,15657706.333333334,2750.0,250000000000000000000000,6.590707174761871e+21,2750,493245000000000000000000,1.5168981846671906e+22,33,41,MCAP,MCAP
1545,0x85D642EAfb5F15Ef54852B57302040ab066ff2C4,0.0,911368.3333333334,10936420,0,13,0,11,0,500000000000000000,14480649880000000000,1.1138961446153846e+18,0.0,0,0.0,0,0,0.0,13,0.0,14480649880000000000,0,0,6,0,0,2684000000000140916,0,0,4,0.0,0.0,26888648.4,0.0,0,0.0,0,0,0.0,0,0,0,0
1546,0x85e150d832942b10383b6d83211224c1ef37fad8,0.0,90183.66666666667,310310,1,4,0,4,1,299874000000000000,6010000000000000000,1.5025e+18,1.2604e+19,12604000000000000000,1.2604e+19,0,0,0.0,5,1.2604e+19,6010000000000000000,0,5580000000000000,0,0,0,0,0,0,0,0.0,0.0,0.0,0.0,0,0.0,0,0,0.0,0,0,0,0
1547,0x860B62006Ea05A05c7638D16a106858450bde336,0.0,0.0,0,0,0,0,0,0,0,0,0.0,0.0,0,0.0,0,0,0.0,0,0.0,0,0,0,2,0,0,2674000000000000000,0,0,2,0.0,0.0,9774977.0,0.0,0,0.0,0,0,0.0,0,0,0,0
1548,0x860f3b648111294346897c6a8309ffbf22265526,0.0,52304.333333333336,526142,1,4,0,4,1,5000000000000000,5000000000000000000,1250000000000000.0,1.094755528e+19,10947555280000000000,1.094755528e+19,0,0,0.0,5,1.094755528e+19,5000000000000000,0,0,0,0,0,0,0,0,0,0.0,0.0,0.0,0.0,0,0.0,0,0,0.0,0,0,0,0
1549,0x8645eC394f7af95316639dcE6F99c01476B0d888,0.0,0.0,0,0,0,0,0,0,0,0,0.0,0.0,0,0.0,0,0,0.0,0,0.0,0,0,0,0,0,0,0,0,0,0,0.0,0.0,0.0,0.0,0,0.0,0,0,0.0,0,0,0,0
1550,0x86A120236c1f595ea53a93736b2E397C27aF802e,0.0,0.0,0,0,0,0,0,0,0,0,0.0,0.0,0,0.0,0,0,0.0,0,0.0,0,0,0,3,0,0,2684000000000000000,0,0,3,0.0,0.0,57826804.5,0.0,0,0.0,0,0,0.0,0,0,0,0
1551,0x86bEC5DAdCDa8F180391F29eF97C7C27a07013e1,0.0,74174.16666666667,445045,0,7,0,7,0,63582300000000000,9400562500000000000,1.3429375e+18,0.0,0,0.0,0,0,0.0,7,0.0,9400562500000000000,0,20000000000,0,0,0,0,0,0,0,0.0,0.0,0.0,0.0,0,0.0,0,0,0.0,0,0,0,0
1552,0x86d5F3aa7bF4060a3F18832fC3FAA3569483Cc62,0.0,16118.42857142857,112829,0,8,0,7,0,1000000000000000000,5015596950000000000,3.7532857125e+17,0.0,0,0.0,0,0,0.0,8,0.0,3002628570000000000,0,0,0,0,0,0,0,0,0,0.0,0.0,0.0,0.0,0,0.0,0,0,0.0,0,0,0,0
1553,0x86dDF5b305B9081fB5208e903EDeB013510997cd,0.0,154742.64285714287,2166397,0,15,0,6,0,0,540000000000000000,466666666666666.7,0.0,0,0.0,0,0,0.0,15,0.0,7000000000000000,0,19207000000000,6,0,0,21000103210337000000000000000,0,0,3,0.0,0.0,4888351.4,0.0,0,0.0,0,0,0.0,0,0,0,0
1554,0x86e00684EA92cb87F40d74C5EBde97ef9A17753e,0.0,0.0,0,0,0,0,0,0,0,0,0.0,0.0,0,0.0,0,0,0.0,0,0.0,0,0,0,0,0,0,0,0,0,0,0.0,0.0,0.0,0.0,0,0.0,0,0,0.0,0,0,0,0
1555,0x86fE2696BFbFAc26e78AA9020C87f1414879eDDF,0.0,106347.11111111111,957124,0,10,0,10,0,5693950000000000,5160000000000000000,5.16e+17,0.0,0,0.0,0,0,0.0,10,0.0,5160000000000000000,0,799990000000000,0,0,0,0,0,0,0,0.0,0.0,0.0,0.0,0,0.0,0,0,0.0,0,0,0,0
1556,0x870691B57198f065530e90F8e98c70D0BD545e3E,0.0,44369.913043478264,1020508,0,24,0,13,0,100000000000000,13990000000000000000,8011137083333333.0,0.0,0,0.0,0,0,0.0,24,0.0,192267290000000000,0,0,0,0,0,0,0,0,0,0.0,0.0,0.0,0.0,0,0.0,0,0,0.0,0,0,0,0
1557,0x870c34e732A43e43e6a58dcbf14f4d9b823D4Ca5,0.0,1996503.6666666667,11979022,0,7,0,4,0,54019010000000000,12000000000000000000,7717001428571429.0,0.0,0,0.0,0,0,0.0,7,0.0,54019010000000000,0,111226530000000000,4,0,0,1347000000000120911,0,0,4,0.0,0.0,44741327.0,0.0,0,0.0,0,0,0.0,0,0,0,0
1558,0x8715e3E9cBe013bf54de58431a078a650B2Ece1A,0.0,1391641.0714285714,19482975,0,15,0,13,0,10517460000000000,11632565140000000000,7.755043426666666e+17,0.0,0,0.0,0,0,0.0,15,0.0,11632565140000000000,0,0,8,0,0,15241684000000000110916,0,0,6,0.0,0.0,19203962.85714286,0.0,0,0.0,0,0,0.0,0,0,0,0
1559,0x8727df1be276966a408f63089b6d9dbeea66de09,0.0,0.0,0,0,0,0,0,0,0,0,0.0,0.0,0,0.0,0,0,0.0,0,0.0,0,0,0,0,0,0,0,0,0,0,0.0,0.0,0.0,0.0,0,0.0,0,0,0.0,0,0,0,0
1560,0x8729Abb00a517bBA3d615ed13E7C9C55aB311D41,0.0,140573.36363636365,1546307,0,12,0,7,0,10416000000000000,3639961440000000000,868000000000000.0,0.0,0,0.0,0,0,0.0,12,0.0,10416000000000000,0,0,1,0,0,1337000000000000000,0,0,1,0.0,0.0,0.0,0.0,0,0.0,0,0,0.0,0,0,0,0
1561,0x87318b9B7EED24F69907D53EB7727C0a590f3588,0.0,204728.4347826087,4708754,0,24,0,23,0,11000000000000000,22606230342400256000,9.419262642666774e+17,0.0,0,0.0,0,0,0.0,24,0.0,22606230342400256000,0,0,1,0,0,911,0,0,1,0.0,0.0,0.0,0.0,0,0.0,0,0,0.0,0,0,0,0
1562,0x873a35F651892AEe1D9360be80ae904f7D76068f,0.0,455451.0,455451,0,2,0,2,0,999139000000000000,1000000000000000000,4.995695e+17,0.0,0,0.0,0,0,0.0,2,0.0,999139000000000000,0,0,2,0,0,2674000000000000000,0,0,2,0.0,0.0,9774199.0,0.0,0,0.0,0,0,0.0,0,0,0,0
1563,0x87426980cCc4Df4C53ADd757F7dA112AA1F3a2DE,0.0,27655.5,774354,0,29,0,16,0,2229320000000000,5034000000000000000,586206896551724.1,0.0,0,0.0,0,0,0.0,29,0.0,17000000000000000,0,55322563484436,0,0,0,0,0,0,0,0.0,0.0,0.0,0.0,0,0.0,0,0,0.0,0,0,0,0
1564,0x8759374e7cf14994Ef599E0E9252F57ebFe10A9C,0.0,21977.333333333332,131864,0,7,0,6,0,29318249227724320,377055749227724320,5.386510703253205e+16,0.0,0,0.0,0,0,0.0,7,0.0,377055749227724320,0,0,0,0,0,0,0,0,0,0.0,0.0,0.0,0.0,0,0.0,0,0,0.0,0,0,0,0
1565,0x8781ebb17371D0c530285433308C02b81b895DAE,0.0,100614.30769230769,2615972,0,27,0,13,0,500000000000000,132000000000000000,370370370370370.4,0.0,0,0.0,0,0,0.0,27,0.0,10000000000000000,0,9278000000000000,2,0,0,113370000000000000000,0,0,2,0.0,0.0,11650769.0,0.0,0,0.0,0,0,0.0,0,0,0,0
1566,0x878cce43a3b9d8A872a33d2d6CCD561E033707f4,0.0,8267.666666666666,24803,0,4,0,4,0,300000000000000000,1224139000000000000,3.0603475e+17,0.0,0,0.0,0,0,0.0,4,0.0,1224139000000000000,0,0,0,0,0,0,0,0,0,0.0,0.0,0.0,0.0,0,0.0,0,0,0.0,0,0,0,0
1567,0x879A8EEA3eA7811fbe7867a8984836D12Dc1F9f4,0.0,8223.75,65790,0,9,0,5,0,500000000000000000,1000000000000000000,7.6445e+16,0.0,0,0.0,0,0,0.0,9,0.0,688005000000000000,0,0,0,0,0,0,0,0,0,0.0,0.0,0.0,0.0,0,0.0,0,0,0.0,0,0,0,0
1568,0x87C6Da960D6f4118A7E9584921c7fe25A51aB160,0.0,573779.0,2295116,0,5,0,3,0,0,12660000000000000000,2.532e+18,0.0,0,0.0,0,0,0.0,5,0.0,12660000000000000000,0,4893730630811911,3,0,0,24399038791842097960,0,0,3,0.0,0.0,401639.0,0.0,0,0.0,0,0,0.0,0,0,0,0
1569,0x87EeD16b97B08fd92491c66d28226B33eb4F2c8D,0.0,0.0,0,0,0,0,0,0,0,0,0.0,0.0,0,0.0,0,0,0.0,0,0.0,0,0,0,0,0,0,0,0,0,0,0.0,0.0,0.0,0.0,0,0.0,0,0,0.0,0,0,0,0
1570,0x87F304f9F630CD33DD446fF5Ae969b7f50faFd95,0.0,0.0,0,0,0,0,0,0,0,0,0.0,0.0,0,0.0,0,0,0.0,0,0.0,0,0,0,0,0,0,0,0,0,0,0.0,0.0,0.0,0.0,0,0.0,0,0,0.0,0,0,0,0
1571,0x87F655E887827eD11Eb3fBC74767B18E142cCced,0.0,70092.4,350462,0,6,0,4,0,17000000000000000,24230000000000000000,2833333333333333.5,0.0,0,0.0,0,0,0.0,6,0.0,17000000000000000,0,67600000000000,2,0,0,1347000000000000000,0,0,2,0.0,0.0,115443218.0,0.0,0,0.0,0,0,0.0,0,0,0,0
1572,0x87b4eed5a781d8b847645082410070f002b41e13,2668718.8571428573,7110486.333333333,37362064,15,4,0,4,5,0,63240211850000000000,1.58100529625e+19,0.0,63239791850000000000,0.0,0,0,0.0,19,0.0,63240211850000000000,0,10232460000000000,28,381783271965450006000000,381783271965450006000000,0,1,11,0,3396551.272727273,2278827.8666666667,0.0,6000000.0,292703324273460000000000,2.545221813103e+22,6000000,292703324273460000000000,3.4707570178677272e+22,4,4,EOS,EOS
1573,0x87c348573F02768A97aFb57aac3bb6877A353Ae9,0.0,7248.7692307692305,94234,0,14,0,11,0,94000000000000000,10000000000000000000,6.636187964285714e+17,0.0,0,0.0,0,0,0.0,14,0.0,9290663150000000000,0,0,2,0,0,1347000000000000000,0,0,2,0.0,0.0,115443218.0,0.0,0,0.0,0,0,0.0,0,0,0,0
1574,0x87d7DA420Bda88693D945475A75F2D4A849f8d93,0.0,1072.0,3216,0,4,0,3,0,0,19280330000000000,4308773750000000.0,0.0,0,0.0,0,0,0.0,5,0.0,17235095000000000,0,0,4,0,0,1684041427660000000000,0,0,4,0.0,0.0,2621562.0,0.0,0,0.0,0,0,0.0,0,0,0,0
1575,0x87e7ee3CD0C38e49060F3F092F689a094B692039,0.0,0.0,0,0,0,0,0,0,0,0,0.0,0.0,0,0.0,0,0,0.0,0,0.0,0,0,0,1,0,0,10000000000000000,0,0,1,0.0,0.0,0.0,0.0,0,0.0,0,0,0.0,0,0,0,0
1576,0x8802e91f3e66A3D81519144100760B222fBD3e05,0.0,0.0,0,0,0,0,0,0,0,0,0.0,0.0,0,0.0,0,0,0.0,0,0.0,0,0,0,0,0,0,0,0,0,0,0.0,0.0,0.0,0.0,0,0.0,0,0,0.0,0,0,0,0
1577,0x882f33f162ab64D427182087DD4916c537de8582,0.0,0.0,0,0,0,0,0,0,0,0,0.0,0.0,0,0.0,0,0,0.0,0,0.0,0,0,0,1,0,0,13370000000000000000,0,0,1,0.0,0.0,0.0,0.0,0,0.0,0,0,0.0,0,0,0,0
1578,0x883d723B3F4a12EdD577A47f80DF9f2896Cd3cE7,0.0,234042.66666666666,1404256,0,7,0,7,0,2630370000000000,3955293150000000000,5.6504187857142854e+17,0.0,0,0.0,0,0,0.0,7,0.0,3955293150000000000,0,0,2,0,0,13380000000000000000,0,0,2,0.0,0.0,115437112.0,0.0,0,0.0,0,0,0.0,0,0,0,0
1579,0x88436c2a2f427f2aa641dfd8c6763facf2bad7bf,549339.0,89805.22222222222,1119683,3,10,0,9,2,5000000000000000,8000000000000000000,1.615057e+16,1.095001e+16,11870507484000000000,3.956835828e+18,0,0,0.0,13,1.1870507484e+19,161505700000000000,0,0,0,0,0,0,0,0,0,0.0,0.0,0.0,0.0,0,0.0,0,0,0.0,0,0,0,0
1580,0x884c66809091BD332a71db8cbdD67cfC239128FE,0.0,923.5,14776,0,17,0,16,0,4000000000000000,46932152142551586325,2.760714831914799e+18,0.0,0,0.0,0,0,0.0,17,0.0,46932152142551586325,0,0,0,0,0,0,0,0,0,0.0,0.0,0.0,0.0,0,0.0,0,0,0.0,0,0,0,0
1581,0x8858297c69ed011c48feAa96F0c89349Ef389B67,0.0,25510.166666666668,153061,0,7,0,7,0,1000000000000000,3097336390000000000,4.4247662714285715e+17,0.0,0,0.0,0,0,0.0,7,0.0,3097336390000000000,0,0,3,0,0,2684000000000000000,0,0,3,0.0,0.0,57827193.5,0.0,0,0.0,0,0,0.0,0,0,0,0
1582,0x88620C720523c822adCdc1d5484915fcD85BAf73,0.0,0.0,0,0,0,0,0,0,0,0,0.0,0.0,0,0.0,0,0,0.0,0,0.0,0,0,0,1,0,0,1337000000000000000,0,0,1,0.0,0.0,0.0,0.0,0,0.0,0,0,0.0,0,0,0,0
1583,0x88698a2ff09506596a88a1af9d103a420ba46a3e,0.0,770.5,53947,1,3,0,3,1,1400000000000000000,2000000000000000000,5.333333333333333e+17,4.999559e+18,4999559000000000000,4.999559e+18,0,0,0.0,4,4.999559e+18,1600000000000000000,0,0,2,1347000000000000000,0,0,0,2,0,0.0,115443218.0,0.0,1e+16,1337000000000000000,1.347e+18,0,0,0.0,0,2,0,Blockwell say NOTSAFU
1584,0x886C18194BC6BC30086cB29D41082AA7574048dB,0.0,60306.818181818184,1990125,0,34,0,18,0,350000000000000,1562867540000000000,3.3141006470588236e+16,0.0,0,0.0,0,0,0.0,34,0.0,1126794220000000000,0,5555410702,0,0,0,0,0,0,0,0.0,0.0,0.0,0.0,0,0.0,0,0,0.0,0,0,0,0
1585,0x886af3F44F4CbC38819aCe2C82442c1905c0D22c,0.0,5715044.0,17145132,0,4,0,4,0,775401470000000000,55774351470000000000,1.39435878675e+19,0.0,0,0.0,0,0,0.0,4,0.0,55774351470000000000,0,0,2,0,0,10000000000000666,0,0,2,0.0,0.0,117706150.0,0.0,0,0.0,0,0,0.0,0,0,0,0
1586,0x88888f6e4a031442831d91ae66c9ccec78e81c28,0.0,0.0,193126,1,1,0,1,1,3000000000000000000,3000000000000000000,3e+18,2.99745e+18,2997450000000000000,2.99745e+18,0,0,0.0,2,2.99745e+18,3000000000000000000,0,7500000009000,0,0,0,0,0,0,0,0.0,0.0,0.0,0.0,0,0.0,0,0,0.0,0,0,0,0
1587,0x88983632e6e8b4232a08EF53db218510124c2048,0.0,0.0,0,0,0,0,0,0,0,0,0.0,0.0,0,0.0,0,0,0.0,0,0.0,0,0,0,1,0,0,988300000000000000,0,0,1,0.0,0.0,0.0,0.0,0,0.0,0,0,0.0,0,0,0,0
1588,0x88997942776A5de1f1A89d86A46BFF0c9F8EDb01,0.0,0.0,0,0,0,0,0,0,0,0,0.0,0.0,0,0.0,0,0,0.0,0,0.0,0,0,0,0,0,0,0,0,0,0,0.0,0.0,0.0,0.0,0,0.0,0,0,0.0,0,0,0,0
1589,0x88C2A596eb0Bc49b237baEa9f2dEB41C3125C4cF,0.0,78068.0,78068,0,2,0,2,0,499685000000000000,500000000000000000,2.498425e+17,0.0,0,0.0,0,0,0.0,2,0.0,499685000000000000,0,0,1,0,0,13370000000000000000,0,0,1,0.0,0.0,0.0,0.0,0,0.0,0,0,0.0,0,0,0,0
1590,0x88EB517c3CE20591aAe29e42cC7d4012C8068228,0.0,0.0,0,0,0,0,0,0,0,0,0.0,0.0,0,0.0,0,0,0.0,0,0.0,0,0,0,0,0,0,0,0,0,0,0.0,0.0,0.0,0.0,0,0.0,0,0,0.0,0,0,0,0
1591,0x88bDEB65eD500794118D0E5FDf5808d23Bb74E73,0.0,2006263.5,8025054,0,5,0,3,0,706000000000000,200000000000000000,2111800000000000.0,0.0,0,0.0,0,0,0.0,5,0.0,10559000000000000,0,0,4,0,0,5348000000000000000,0,0,2,0.0,0.0,3258325.6666666665,0.0,0,0.0,0,0,0.0,0,0,0,0
1592,0x88be7aD530Cba44949817cE40dB87a6d25B44FdE,0.0,47009.0,235045,0,6,0,5,0,190000000000000000,2523901170000000000,4.20650195e+17,0.0,0,0.0,0,0,0.0,6,0.0,2523901170000000000,0,0,1,0,0,13370000000000000000,0,0,1,0.0,0.0,0.0,0.0,0,0.0,0,0,0.0,0,0,0,0
1593,0x88f8717A2B30041006E08e286af9F1E9671B5724,0.0,40824.0,326592,0,9,0,8,0,490000000000000000,10000000000000000000,1e+18,0.0,0,0.0,0,0,0.0,9,0.0,9000000000000000000,0,24178373600000000000,6,0,0,112380000000000240006,0,0,6,0.0,0.0,25665635.2,0.0,0,0.0,0,0,0.0,0,0,0,0
1594,0x89271335DB9d0024F725Ab23415678CdEA3EB368,0.0,93835.0,93835,0,2,0,2,0,2129139000000000000,2140000000000000000,1.0645695e+18,0.0,0,0.0,0,0,0.0,2,0.0,2129139000000000000,0,10000000000000000,2,0,0,1347000000000000000,0,0,2,0.0,0.0,115443218.0,0.0,0,0.0,0,0,0.0,0,0,0,0
1595,0x893676c4A94F6EcdC33a18438BBdCfE9e6c68a9a,0.0,0.0,0,0,0,0,0,0,0,0,0.0,0.0,0,0.0,0,0,0.0,0,0.0,0,0,0,0,0,0,0,0,0,0,0.0,0.0,0.0,0.0,0,0.0,0,0,0.0,0,0,0,0
1596,0x8967f58f726bc35aA10223961fEEa6055a48Aae5,0.0,0.0,0,0,0,0,0,0,0,0,0.0,0.0,0,0.0,0,0,0.0,0,0.0,0,0,0,1,0,0,1337000000000000000,0,0,1,0.0,0.0,0.0,0.0,0,0.0,0,0,0.0,0,0,0,0
1597,0x897757CbA67EADB66d40e45C6748E27D0E67b52a,0.0,0.0,0,0,0,0,0,0,0,0,0.0,0.0,0,0.0,0,0,0.0,0,0.0,0,0,0,1,0,0,15000000000000000000,0,0,1,0.0,0.0,0.0,0.0,0,0.0,0,0,0.0,0,0,0,0
1598,0x89B0Ee7A51efe05b0058b53BbC8457025daa5Bc1,0.0,32161.645833333332,1543759,0,49,0,14,0,0,518498439443335810,371453503097000.2,0.0,0,0.0,0,0,0.0,49,0.0,18201221651753008,0,0,0,0,0,0,0,0,0,0.0,0.0,0.0,0.0,0,0.0,0,0,0.0,0,0,0,0
1599,0x89C98CC6D9917B615257e5704e83906402f0f91f,0.0,253066.47297297296,18726919,0,75,0,38,0,0,561800000000000000000,3454984800327935.5,0.0,0,0.0,0,0,0.0,78,0.0,259123860024595162,0,0,70,0,0,703483998408238252929264,0,0,31,0.0,0.0,2334713.5217391304,0.0,0,0.0,0,0,0.0,0,0,0,0
1600,0x89E5124B5162A0CEEc512e8bA97Cd5E6F065fd13,0.0,24602.21052631579,467442,0,20,0,19,0,65000000000000000,8759072000000000000,4.3793891595e+17,0.0,0,0.0,0,0,0.0,20,0.0,8758778319000000000,0,0,0,0,0,0,0,0,0,0.0,0.0,0.0,0.0,0,0.0,0,0,0.0,0,0,0,0
1601,0x89c0e39f3b3Be95c238912788687DBAebe7e6A2B,0.0,3590161.6,89754040,0,26,0,22,0,30000000000000000,25613205520000000000,2.576923076923077e+16,0.0,0,0.0,0,0,0.0,26,0.0,670000000000000000,0,6551000000003000,6,0,0,6685000000000000911,0,0,4,0.0,0.0,5711385.8,0.0,0,0.0,0,0,0.0,0,0,0,0
1602,0x89c98cc6d9917b615257e5704e83906402f0f91f,641710.3103448276,3537.2727272727275,18726919,30,45,0,37,28,14304280166626000,499000000000000000000,5.324115488888889e+16,0.0,561800000000000000000,8637462000819839.0,0,0,0.0,78,2.5912386002459517e+17,2395851970000000000,0,0,70,352781576565173998811622,348848596381060604790282,1853825462003649327360,5,25,5,411267.26086956525,4027380.825,7613295.25,1.0,210600000000000000000000,8.81953941412935e+21,400000000,210600000000000000000000,1.5167330277437418e+22,24,33,Dao.Casino,Golem
1603,0x89f4d39667Aa080502c517B613A6c92786aa14Bd,0.0,696906.5,1393813,0,3,0,2,0,50000000000000000,250000000000000000,6.6092666666666664e+16,0.0,0,0.0,0,0,0.0,3,0.0,198278000000000000,0,0,1,0,0,13370000000000000000,0,0,1,0.0,0.0,0.0,0.0,0,0.0,0,0,0.0,0,0,0,0
1604,0x8A04B6a0223aF79e4aCC0a55c7B166Fe0794269a,0.0,234885.3,9395412,0,41,0,20,0,4731000000000000,500000000000000000,197804878048780.5,0.0,0,0.0,0,0,0.0,41,0.0,8110000000000000,0,0,0,0,0,0,0,0,0,0.0,0.0,0.0,0.0,0,0.0,0,0,0.0,0,0,0,0
1605,0x8A0E85901849B40A7F80399a00F7115193c0BDB2,0.0,1251153.4222222222,56302417,0,46,1,10,0,0,50000000000000000000,0.0,0.0,0,0.0,0,0,0.0,47,0.0,0,0,0,4,0,0,5348000000000000000,0,0,2,0.0,0.0,3258325.6666666665,0.0,0,0.0,0,0,0.0,0,0,0,0
1606,0x8A13Db143200a940ce2c01AcaC9a7b5B9F342278,0.0,670488.0,1340976,0,3,0,3,0,500000000000000000,998026000000000000,3.326753333333333e+17,0.0,0,0.0,0,0,0.0,3,0.0,998026000000000000,0,0,0,0,0,0,0,0,0,0.0,0.0,0.0,0.0,0,0.0,0,0,0.0,0,0,0,0
1607,0x8A46Aa04725b2E2029bdCb924D671Fd6a9c11daB,0.0,724517.2083333334,17388413,0,25,0,20,0,0,10995000000000000000,144307619578640.0,0.0,0,0.0,0,0,0.0,25,0.0,3607690489466000,0,0,3,0,0,828429032000000000000,0,0,3,0.0,0.0,76252053.0,0.0,0,0.0,0,0,0.0,0,0,0,0
1608,0x8A6762E718beb7e6af9AB3868320c3C5137ADc6C,0.0,0.0,0,0,0,0,0,0,0,0,0.0,0.0,0,0.0,0,0,0.0,0,0.0,0,0,0,0,0,0,0,0,0,0,0.0,0.0,0.0,0.0,0,0.0,0,0,0.0,0,0,0,0
1609,0x8A6fcF189437928A6a07F6899B675D11F3D3F778,0.0,0.0,0,0,0,0,0,0,0,0,0.0,0.0,0,0.0,0,0,0.0,0,0.0,0,0,0,0,0,0,0,0,0,0,0.0,0.0,0.0,0.0,0,0.0,0,0,0.0,0,0,0,0
1610,0x8A82571f81D1af061dd995fD972930514898c103,0.0,0.0,0,0,0,0,0,0,0,0,0.0,0.0,0,0.0,0,0,0.0,0,0.0,0,0,0,0,0,0,0,0,0,0,0.0,0.0,0.0,0.0,0,0.0,0,0,0.0,0,0,0,0
1611,0x8AC31FE1C6f5d1a65287379267b2d10e2d6bc52F,0.0,411230.0,2467380,0,7,0,7,0,278923110000000000,8386532194000000000,1.1980760277142858e+18,0.0,0,0.0,0,0,0.0,7,0.0,8386532194000000000,0,0,0,0,0,0,0,0,0,0.0,0.0,0.0,0.0,0,0.0,0,0,0.0,0,0,0,0
1612,0x8Ac2D87f4308B0718AA9345B409277E01282fe03,0.0,0.0,0,0,0,0,0,0,0,0,0.0,0.0,0,0.0,0,0,0.0,0,0.0,0,0,0,2,0,0,1347000000000000000,0,0,2,0.0,0.0,115443218.0,0.0,0,0.0,0,0,0.0,0,0,0,0
1613,0x8B0987E0bCcb30a53C5294aD73a80ED776457C4b,0.0,1420343.4375,22725495,0,17,0,5,0,13277306197921000,2650625500000000000,781018011642411.8,0.0,0,0.0,0,0,0.0,20,0.0,13277306197921000,0,74000000000000,1,0,0,100000000000000000000,0,0,1,0.0,0.0,0.0,0.0,0,0.0,0,0,0.0,0,0,0,0
1614,0x8B0e77fE177d555408339E26921bE7d76D398d8a,0.0,8684.0,17368,0,3,0,2,0,150000000000000000,500000000000000000,1.15e+17,0.0,0,0.0,0,0,0.0,3,0.0,345000000000000000,0,4390136000000000,0,0,0,0,0,0,0,0.0,0.0,0.0,0.0,0,0.0,0,0,0.0,0,0,0,0
1615,0x8B1b4F3A25444005ecD37f7b0c12BC5078c13443,0.0,3859.0,3859,0,2,0,2,0,20406790000000000,21267790000000000,1.0203395e+16,0.0,0,0.0,0,0,0.0,2,0.0,20406790000000000,0,0,2,0,0,1347000000000000000,0,0,2,0.0,0.0,115438631.0,0.0,0,0.0,0,0,0.0,0,0,0,0
1616,0x8BAa4757f0a110dc4E5C365E7376d8449b084d16,0.0,73415.61224489796,10792095,0,148,0,35,0,0,56705916328707379509,3.8314808330207686e+17,0.0,0,0.0,0,0,0.0,148,0.0,56705916328707379509,0,0,1,0,0,57707638328707379509,0,0,1,0.0,0.0,0.0,0.0,0,0.0,0,0,0.0,0,0,0,0
1617,0x8Bb8a410e770a693C169a6b2B5286297d9eccbeD,0.0,176140.0,176140,0,2,0,2,0,509949180000000000,510000000000000000,2.5497459e+17,0.0,0,0.0,0,0,0.0,2,0.0,509949180000000000,0,0,1,0,0,10000000000000000,0,0,1,0.0,0.0,0.0,0.0,0,0.0,0,0,0.0,0,0,0,0
1618,0x8BcB21d162Af74718C583E249Ab112B9E6Ad5267,0.0,1922444.0,1922444,0,2,0,2,0,10397355000000000,11258355000000000,5198677500000000.0,0.0,0,0.0,0,0,0.0,2,0.0,10397355000000000,0,0,1,0,0,13370000000000000000,0,0,1,0.0,0.0,0.0,0.0,0,0.0,0,0,0.0,0,0,0,0
1619,0x8BdA591ac93925f485cd420A47A48EBa87985ea0,0.0,930142.5454545454,10231568,0,12,0,9,0,0,2260000000000000000,1.8333333333333334e+17,0.0,0,0.0,0,0,0.0,12,0.0,2200000000000000000,0,9604504394659425,0,0,0,0,0,0,0,0.0,0.0,0.0,0.0,0,0.0,0,0,0.0,0,0,0,0
1620,0x8Bfe1C609CdF6E7e43C5CD8910Bd566a2C142688,0.0,0.0,0,0,0,0,0,0,0,0,0.0,0.0,0,0.0,0,0,0.0,0,0.0,0,0,0,0,0,0,0,0,0,0,0.0,0.0,0.0,0.0,0,0.0,0,0,0.0,0,0,0,0
1621,0x8C3BD49eF2d468E80879eAa230538aeF08A44175,0.0,433463.5,2600781,0,7,0,7,0,71174290000000000,1682415960000000000,2.4034513714285715e+17,0.0,0,0.0,0,0,0.0,7,0.0,1682415960000000000,0,0,0,0,0,0,0,0,0,0.0,0.0,0.0,0.0,0,0.0,0,0,0.0,0,0,0,0
1622,0x8C3b6F2DaCc5A7eD7dCAB43A53B8056AaE6800B3,0.0,0.0,0,0,0,0,0,0,0,0,0.0,0.0,0,0.0,0,0,0.0,0,0.0,0,0,0,0,0,0,0,0,0,0,0.0,0.0,0.0,0.0,0,0.0,0,0,0.0,0,0,0,0
1623,0x8C4cB3433993B4FAd3C78f692A7d417fAAab3eb9,0.0,32314.125,258513,0,9,0,5,0,0,2058958300000000000,2.2877314444444445e+17,0.0,0,0.0,0,0,0.0,9,0.0,2058958300000000000,0,2887462368,3,0,0,8178000000,0,0,2,0.0,0.0,6594.0,0.0,0,0.0,0,0,0.0,0,0,0,0
1624,0x8C500BD17174e8604ff9aD3399bD13af245EeF52,0.0,1106.0,1106,0,2,0,2,0,8533500000000000000,8534053530000000000,4.26675e+18,0.0,0,0.0,0,0,0.0,2,0.0,8533500000000000000,0,448530000000000,2,0,0,13380000000000000000,0,0,2,0.0,0.0,115437112.0,0.0,0,0.0,0,0,0.0,0,0,0,0
1625,0x8C71aF2149855648F6aB59dac2298448D33C3999,0.0,329496.16,8237404,0,26,0,3,0,0,4450000000000000000,318440547961276.4,0.0,0,0.0,0,0,0.0,27,0.0,8279454246993186,0,71587462968000,5,0,0,20193459370,0,0,2,0.0,0.0,613312.75,0.0,0,0.0,0,0,0.0,0,0,0,0
1626,0x8C97DA5398784B38204dFa9ee4931A8AF7f83B0a,0.0,0.0,0,0,0,0,0,0,0,0,0.0,0.0,0,0.0,0,0,0.0,0,0.0,0,0,0,0,0,0,0,0,0,0,0.0,0.0,0.0,0.0,0,0.0,0,0,0.0,0,0,0,0
1627,0x8C9D135aC2778e1A7d326932AaD302e7c22c94D7,0.0,183317.63333333333,5499529,0,31,0,28,0,0,21733658910000000000,7.010857712903226e+17,0.0,0,0.0,0,0,0.0,31,0.0,21733658910000000000,0,0,5,0,0,5348000000000000911,0,0,3,0.0,0.0,7137977.5,0.0,0,0.0,0,0,0.0,0,0,0,0
1628,0x8D0515279Ad1Be17D8d3088E18Ad1D5fd059A0Dd,0.0,169765.91666666666,4074382,0,25,0,5,0,0,5250000000000000000,6979903616232953.0,0.0,0,0.0,0,0,0.0,25,0.0,174497590405823829,0,190593363156000,1,0,0,5555000000000000000000,0,0,1,0.0,0.0,0.0,0.0,0,0.0,0,0,0.0,0,0,0,0
1629,0x8D15adf29D440d56c5043943410cb65181F010eb,0.0,0.0,0,0,0,0,0,0,0,0,0.0,0.0,0,0.0,0,0,0.0,0,0.0,0,0,0,1,0,0,13370000000000000000,0,0,1,0.0,0.0,0.0,0.0,0,0.0,0,0,0.0,0,0,0,0
1630,0x8D1f89E686290A5215579F385b032804A6307B48,0.0,138181.34347826088,31781709,0,231,0,70,0,2339650000000000,90060667000000000000,10128354978354.979,0.0,0,0.0,0,0,0.0,231,0.0,2339650000000000,0,537817519133136,1,0,0,88888800000000,0,0,1,0.0,0.0,0.0,0.0,0,0.0,0,0,0.0,0,0,0,0
1631,0x8D551F2a2d0908854e0E030564261c9Ff2E8dd56,0.0,0.0,0,0,0,0,0,0,0,0,0.0,0.0,0,0.0,0,0,0.0,0,0.0,0,0,0,0,0,0,0,0,0,0,0.0,0.0,0.0,0.0,0,0.0,0,0,0.0,0,0,0,0
1632,0x8D630073940fDE8112C6a5295Ba3e490cA992ee8,0.0,511469.5,1022939,0,3,0,2,0,25034020000000000,73195020000000000,8344673333333333.0,0.0,0,0.0,0,0,0.0,3,0.0,25034020000000000,0,139000000000000,1,0,0,10000000000000000,0,0,1,0.0,0.0,0.0,0.0,0,0.0,0,0,0.0,0,0,0,0
1633,0x8D6be44e86eDfFBe294071a886DdfB4147831BAa,0.0,300010.85714285716,2100076,0,8,0,5,0,10000000000000000,1935580000000000000,2.419475e+17,0.0,0,0.0,0,0,0.0,8,0.0,1935580000000000000,0,0,2,0,0,1347000000000000000,0,0,2,0.0,0.0,115443218.0,0.0,0,0.0,0,0,0.0,0,0,0,0
1634,0x8D8adA797b018d60FB2c92a238983FA6aCe56ECE,0.0,131530.05263157896,2499071,0,20,0,4,0,43910000000000000,9901103582464471034,4.9505517912322355e+17,0.0,0,0.0,0,0,0.0,20,0.0,9901103582464471034,0,0,1,0,0,88888800000000,0,0,1,0.0,0.0,0.0,0.0,0,0.0,0,0,0.0,0,0,0,0
1635,0x8DA5194A90Dd00c20b37634832a44cb4Ad5E28EC,0.0,30973.0,30973,0,2,0,2,0,58500000000000000,61987380000000000,2.925e+16,0.0,0,0.0,0,0,0.0,2,0.0,58500000000000000,0,85380000000000,0,0,0,0,0,0,0,0.0,0.0,0.0,0.0,0,0.0,0,0,0.0,0,0,0,0
1636,0x8DBe0f0fa03435493B0D7e85bB68CD79A3B9da6e,0.0,154794.0,154794,0,2,0,2,0,1230000000000000000,1237537000000000000,6.15e+17,0.0,0,0.0,0,0,0.0,2,0.0,1230000000000000000,0,4392999999103000,0,0,0,0,0,0,0,0.0,0.0,0.0,0.0,0,0.0,0,0,0.0,0,0,0,0
1637,0x8Db2eC6CBE35062A3F30DCBF7F281604820490EE,0.0,0.0,0,0,0,0,0,0,0,0,0.0,0.0,0,0.0,0,0,0.0,0,0.0,0,0,0,0,0,0,0,0,0,0,0.0,0.0,0.0,0.0,0,0.0,0,0,0.0,0,0,0,0
1638,0x8De51b248261C0e5736b412eF9FaAAf619063b7A,0.0,14667.8,73339,0,6,0,5,0,200000000000000000,8188950000000000000,1.364825e+18,0.0,0,0.0,0,0,0.0,6,0.0,8188950000000000000,0,0,2,0,0,1347000000000000000,0,0,2,0.0,0.0,115443218.0,0.0,0,0.0,0,0,0.0,0,0,0,0
1639,0x8E3e1e3894CD4e79f46f80d4807b597876435978,0.0,0.0,0,0,0,0,0,0,0,0,0.0,0.0,0,0.0,0,0,0.0,0,0.0,0,0,0,0,0,0,0,0,0,0,0.0,0.0,0.0,0.0,0,0.0,0,0,0.0,0,0,0,0
1640,0x8E3f2d9bbd1759e13eBd96d95cEf2fE468009E6c,0.0,46238.666666666664,554864,0,13,0,10,0,1111650000000000,3200000000000000000,7.923076923076923e+16,0.0,0,0.0,0,0,0.0,13,0.0,1030000000000000000,0,4376690000000000,1,0,0,1337000000000000000,0,0,1,0.0,0.0,0.0,0.0,0,0.0,0,0,0.0,0,0,0,0
1641,0x8E4a9f46499D34e2cD3c7068e492a67cB6049e67,0.0,19749.5,78998,0,5,0,4,0,1000000000000000,502862120000000000,1.00572424e+17,0.0,0,0.0,0,0,0.0,5,0.0,502862120000000000,0,0,2,0,0,113370000000000000000,0,0,2,0.0,0.0,11678460.0,0.0,0,0.0,0,0,0.0,0,0,0,0
1642,0x8E6A74Fdf25fa674890a7CD96448491a5247F33F,0.0,303632.2,1518161,0,6,0,5,0,200000000000000,1100000000000000000,1.79360304998775e+17,0.0,0,0.0,0,0,0.0,6,0.0,1076161829992650000,0,0,1,0,0,88888800000000,0,0,1,0.0,0.0,0.0,0.0,0,0.0,0,0,0.0,0,0,0,0
1643,0x8E8B88715C5Ec0B65321AeF47F30b84cAaD67Af2,0.0,76483.98305084746,4512555,0,60,0,4,0,758332609223855,44799787480000000000,1.3076921221139019e+17,0.0,0,0.0,0,0,0.0,61,0.0,7846152732683411720,0,0,1,0,0,88888800000000,0,0,1,0.0,0.0,0.0,0.0,0,0.0,0,0,0.0,0,0,0,0
1644,0x8EEad6A5776dCE374257bF7D4500CfE3C1e362a6,0.0,35296.11111111111,317665,0,10,0,9,0,1068880000000000,3800000000000000000,1e+17,0.0,0,0.0,0,0,0.0,10,0.0,1000000000000000000,0,9033666870000000000,4,0,0,112370000000000090005,0,0,4,0.0,0.0,4566570.333333333,0.0,0,0.0,0,0,0.0,0,0,0,0
1645,0x8F25C45dca7F85d93A55aBAc5aAac3B3e2eaC44c,0.0,0.0,0,0,0,0,0,0,0,0,0.0,0.0,0,0.0,0,0,0.0,0,0.0,0,0,0,0,0,0,0,0,0,0,0.0,0.0,0.0,0.0,0,0.0,0,0,0.0,0,0,0,0
1646,0x8F46233dAFd44b331753E53b8785b9D83fBba463,0.0,39308.0,39308,0,2,0,2,0,1019000000000000000,1020000000000000000,5.095e+17,0.0,0,0.0,0,0,0.0,2,0.0,1019000000000000000,0,850890000000000,0,0,0,0,0,0,0,0.0,0.0,0.0,0.0,0,0.0,0,0,0.0,0,0,0,0
1647,0x8F4eD737DE54707C452B1A6E55Df3B72Fc41c9f9,0.0,0.0,0,0,0,0,0,0,0,0,0.0,0.0,0,0.0,0,0,0.0,0,0.0,0,0,0,0,0,0,0,0,0,0,0.0,0.0,0.0,0.0,0,0.0,0,0,0.0,0,0,0,0
1648,0x8F7534b39E75051F0C03C988239ac8D67d4C13A7,0.0,0.0,0,0,0,0,0,0,0,0,0.0,0.0,0,0.0,0,0,0.0,0,0.0,0,0,0,2,0,0,13380000000000000000,0,0,2,0.0,0.0,115434688.0,0.0,0,0.0,0,0,0.0,0,0,0,0
1649,0x8F9F6AAdAf78225b94A84CA9CA80328D0d6b21EA,0.0,79957.11111111111,719614,0,10,0,6,0,95000000000000000,10676664090000000000,5.97e+16,0.0,0,0.0,0,0,0.0,10,0.0,597000000000000000,0,359090000000000,3,0,0,1347000000000000911,0,0,3,0.0,0.0,67111945.0,0.0,0,0.0,0,0,0.0,0,0,0,0
1650,0x8a65C8565504a2BDe31F9c09125f5b9D53B2B07e,0.0,3411918.0,3411918,0,2,0,2,0,499139000000000000,500000000000000000,2.495695e+17,0.0,0,0.0,0,0,0.0,2,0.0,499139000000000000,0,0,3,0,0,1357000000000000000,0,0,2,0.0,0.0,57824143.0,0.0,0,0.0,0,0,0.0,0,0,0,0
1651,0x8a696CA798E65Aa54b6dAfCc811071Dde808C193,0.0,109637.1294117647,18638720,0,171,1,95,0,0,300000000000000000,0.0,0.0,0,0.0,0,0,0.0,184,0.0,0,0,0,0,0,0,0,0,0,0,0.0,0.0,0.0,0.0,0,0.0,0,0,0.0,0,0,0,0
1652,0x8a8869a8B53573294B0E03820253607D5528679d,0.0,449021.625,7184346,0,17,0,8,0,0,9000000000000000000,5.293911276470588e+17,0.0,0,0.0,0,0,0.0,17,0.0,8999649170000000000,0,0,2,0,0,365000000000000000911,0,0,1,0.0,0.0,12857261.0,0.0,0,0.0,0,0,0.0,0,0,0,0
1653,0x8aF1380c436fC019b8055C61d09e3Ee5F182278C,0.0,0.0,0,0,0,0,0,0,0,0,0.0,0.0,0,0.0,0,0,0.0,0,0.0,0,0,0,4,0,0,5348000000000000000,0,0,3,0.0,0.0,3258325.6666666665,0.0,0,0.0,0,0,0.0,0,0,0,0
1654,0x8ab73681C7804406c71D62872be0CCd1bF9Fc2E8,0.0,0.0,0,0,0,0,0,0,0,0,0.0,0.0,0,0.0,0,0,0.0,0,0.0,0,0,0,0,0,0,0,0,0,0,0.0,0.0,0.0,0.0,0,0.0,0,0,0.0,0,0,0,0
1655,0x8b3b831d767FAD1ab0ad52A38777acb98630F8a7,0.0,17357.0,156213,0,10,0,4,0,0,333000000000000000,400000000000000.0,0.0,0,0.0,0,0,0.0,10,0.0,4000000000000000,0,6106553000000000,2,0,0,5029931158862073015150,0,0,2,0.0,0.0,186.0,0.0,0,0.0,0,0,0.0,0,0,0,0
1656,0x8b61F3b22866dbeD67312fE19c2E729346289c05,0.0,133376.16049382716,10803469,0,82,0,43,0,0,6550000000000000000,57085994711331.125,0.0,0,0.0,0,0,0.0,84,0.0,4681051566329152,0,620438006433000,7,0,0,21545061084826504148,0,0,4,0.0,0.0,97548.66666666667,0.0,0,0.0,0,0,0.0,0,0,0,0
1657,0x8b6E20440a46881713f8F9Da764B4094781E0f12,0.0,31714.285714285714,222000,0,8,0,8,0,200000000000000000,4194915617553100500,5.2436445219413754e+17,0.0,0,0.0,0,0,0.0,8,0.0,4194915617553100500,0,0,1,0,0,10000000000000000,0,0,1,0.0,0.0,0.0,0.0,0,0.0,0,0,0.0,0,0,0,0
1658,0x8bbA1a1c5e9F72C2CE97A240A7878Dd4AE803b61,0.0,11100207.8,55501039,0,6,0,4,0,190000000000000000,5000000000000000000,4.739741666666667e+17,0.0,0,0.0,0,0,0.0,6,0.0,2843845000000000000,0,0,2,0,0,2844878888800000000,0,0,2,0.0,0.0,14299029.0,0.0,0,0.0,0,0,0.0,0,0,0,0
1659,0x8c155c3F4c79485DBB0eEF5b4076FD426b3f8c65,0.0,0.0,0,0,1,0,1,0,388519530000000000,388519530000000000,3.8851953e+17,0.0,0,0.0,0,0,0.0,1,0.0,388519530000000000,0,388519530000000000,0,0,0,0,0,0,0,0.0,0.0,0.0,0.0,0,0.0,0,0,0.0,0,0,0,0
1660,0x8c34460976e89EDdE3e2898DC7F23b597d295103,0.0,30714.125,245713,0,9,0,5,0,500000000000000000,25000000000000000000,1.773111111111111e+17,0.0,0,0.0,0,0,0.0,9,0.0,1595800000000000000,0,0,3,0,0,2684000000000000000,0,0,3,0.0,0.0,57826804.5,0.0,0,0.0,0,0,0.0,0,0,0,0
1661,0x8c7934611b6AD70FBEa13A1593dE167a4689b9A9,0.0,5299.0,270249,0,52,0,5,0,0,1000000000000000000,6542203506483035.0,0.0,0,0.0,0,0,0.0,55,0.0,340194582337117812,0,0,30,0,0,14506279419186000000000,0,0,25,0.0,0.0,543168.7586206896,0.0,0,0.0,0,0,0.0,0,0,0,0
1662,0x8c9d299cc3C2111499416Cf4E3677328486cFac2,0.0,16823.739130434784,386946,0,24,0,24,0,15339987820049671,78136499987820049671,3.255687499492502e+18,0.0,0,0.0,0,0,0.0,24,0.0,78136499987820049671,0,0,1,0,0,10000000000000000,0,0,1,0.0,0.0,0.0,0.0,0,0.0,0,0,0.0,0,0,0,0
1663,0x8cA61e380ebBEbe412b5787a20B6ecdF2Ab21997,0.0,262907.0,525814,0,3,0,3,0,322178110000000000,1921128110000000000,6.403760366666666e+17,0.0,0,0.0,0,0,0.0,3,0.0,1921128110000000000,0,0,3,0,0,2684000000000000000,0,0,3,0.0,0.0,57827193.5,0.0,0,0.0,0,0,0.0,0,0,0,0
1664,0x8cAE2a8734d781a8ceC7E2F514DA6f5072F7a6e0,0.0,0.0,0,0,0,0,0,0,0,0,0.0,0.0,0,0.0,0,0,0.0,0,0.0,0,0,0,1,0,0,10000000000000000,0,0,1,0.0,0.0,0.0,0.0,0,0.0,0,0,0.0,0,0,0,0
1665,0x8cD8ffe0873b61DF1e21C8175D0E7Ca581a7faF2,0.0,250689.17741935485,15542729,0,63,0,10,0,0,5926669917058908812,75848105580031.77,0.0,0,0.0,0,0,0.0,63,0.0,4778430651542001,0,148671150516000,3,0,0,258542000000000026226448,0,0,3,0.0,0.0,5568233.5,0.0,0,0.0,0,0,0.0,0,0,0,0
1666,0x8cF893F11f6037B14f0f827B9ed6AEef38931Fb4,0.0,478065.54545454547,10517442,0,23,0,23,0,10000000000000000,87096356056000000000,3.786798089391304e+18,0.0,0,0.0,0,0,0.0,23,0.0,87096356056000000000,0,8139000000000000,6,0,0,3083761019445049323777,0,0,6,0.0,0.0,30968333.2,0.0,0,0.0,0,0,0.0,0,0,0,0
1667,0x8cbBbDFF9326F356E270361b1c0469FED74F566C,0.0,0.0,0,0,0,0,0,0,0,0,0.0,0.0,0,0.0,0,0,0.0,0,0.0,0,0,0,2,0,0,13380000000000000000,0,0,2,0.0,0.0,115434688.0,0.0,0,0.0,0,0,0.0,0,0,0,0
1668,0x8ccC7e6cfcd15778dfC94D800Ee88bb5C41c2baD,0.0,257934.75,1031739,0,5,0,3,0,850000000000000000,5000000000000000000,2.29916e+17,0.0,0,0.0,0,0,0.0,5,0.0,1149580000000000000,0,0,0,0,0,0,0,0,0,0.0,0.0,0.0,0.0,0,0.0,0,0,0.0,0,0,0,0
1669,0x8d18b40c3b095f2d8ea99bf3a814c7182e2f8efd,0.0,0.0,0,0,0,0,0,0,0,0,0.0,0.0,0,0.0,0,0,0.0,0,0.0,0,0,0,1,13370000000000000000,0,0,0,1,0,0.0,0.0,0.0,1.337e+19,13370000000000000000,0.0,0,0,0.0,0,1,0,Blockwell say NOTSAFU
1670,0x8d305Fd29aEbd6e0562dE9321d55E7f0E6fbaCaD,0.0,1108.32,31598,0,26,1,7,0,0,4000000000000000000,1.153846153846154e+17,0.0,0,0.0,0,0,0.0,27,0.0,3000000000000000000,0,0,2,0,0,2674000000000000000,0,0,2,0.0,0.0,9774199.0,0.0,0,0.0,0,0,0.0,0,0,0,0
1671,0x8d3A77f21A7055bE53189575B82605E294bDcF9b,0.0,221762.93103448275,12862250,0,59,0,2,0,0,195377420000000000,414414191461376.7,0.0,0,0.0,0,0,0.0,59,0.0,24450437296221224,0,631460315997000,0,0,0,0,0,0,0,0.0,0.0,0.0,0.0,0,0.0,0,0,0.0,0,0,0,0
1672,0x8d4426f94e42f721C7116E81d6688cd935cB3b4F,0.0,6869.307692307692,89301,0,14,0,12,0,500000000000000000,17356400000000000000,7.214285714285714e+16,0.0,0,0.0,0,0,0.0,14,0.0,1010000000000000000,0,45948650000000000000,6,0,0,101674000000000450916,0,0,5,0.0,0.0,5710326.4,0.0,0,0.0,0,0,0.0,0,0,0,0
1673,0x8d6d3495294B6dd0Dc4Ff3BD93a5E1B1079c2c35,0.0,644.0,1288,0,3,0,1,0,0,208400139107349520,6.9466713035783176e+16,0.0,0,0.0,0,0,0.0,3,0.0,208400139107349520,0,0,8,0,0,1528765324981346631662,0,0,7,0.0,0.0,5175669.857142857,0.0,0,0.0,0,0,0.0,0,0,0,0
1674,0x8dB82c361c101caC757D709200B23ffC8E69faD2,0.0,4362.333333333333,13087,0,4,0,3,0,88300000000000000,644780000000000000,1.61195e+17,0.0,0,0.0,0,0,0.0,4,0.0,644780000000000000,0,265072040000000000,2,0,0,13380000000000000000,0,0,2,0.0,0.0,115434688.0,0.0,0,0.0,0,0,0.0,0,0,0,0
1675,0x8dcdb7fc9f541825ba57fb47d5204317fc609590,0.0,0.0,10554,1,1,0,1,1,3000000000000000000,3000000000000000000,3e+18,2.999559e+18,2999559000000000000,2.999559e+18,0,0,0.0,2,2.999559e+18,3000000000000000000,0,0,2,13380000000000000000,0,0,0,2,0,0.0,115434688.0,0.0,1e+16,13370000000000000000,1.338e+19,0,0,0.0,0,2,0,Blockwell say NOTSAFU
1676,0x8e073326377b34d039f7b2cbb28cfccedd0b91f2,944691.724137931,0.0,27783900,30,1,0,1,30,2052515720000000000,2052515720000000000,2.05251572e+18,1e+16,362800000000000000,6243231500000000.0,0,0,0.0,31,1.87296945e+17,2052515720000000000,0,0,3,105776000000010000000000,0,0,0,3,0,0.0,1451303.5,0.0,10000000000.0,88888000000000000000000,5.2888000000005e+22,0,0,0.0,0,3,0,启动公链
1677,0x8e80556F11B8b96e99371c8f8abdF85B50063356,0.0,31029666.0,31029666,0,2,0,2,0,15000000000000000,3009746190000000000,7500000000000000.0,0.0,0,0.0,0,0,0.0,2,0.0,15000000000000000,0,15000000000000000,1,0,0,1500000000000000000,0,0,1,0.0,0.0,0.0,0.0,0,0.0,0,0,0.0,0,0,0,0
1678,0x8e85939D6C149a6d2a173b5425306797e6934075,0.0,232508.57142857142,1627560,0,8,0,4,0,45000000000000000,15443792670000000000,1.17398258375e+18,0.0,0,0.0,0,0,0.0,8,0.0,9391860670000000000,0,0,1,0,0,100000000000000000000,0,0,1,0.0,0.0,0.0,0.0,0,0.0,0,0,0.0,0,0,0,0
1679,0x8e8f4161c9c3D2D8857230A048DF1Fc6F4326948,0.0,4109461.5,8218923,0,3,0,3,0,100000000000000000,1097921000000000000,3.659736666666667e+17,0.0,0,0.0,0,0,0.0,3,0.0,1097921000000000000,0,0,1,0,0,13370000000000000000,0,0,1,0.0,0.0,0.0,0.0,0,0.0,0,0,0.0,0,0,0,0
1680,0x8eE2Ba41EF59b5773e5909451e0b8BaD4E59A81b,0.0,4243474.0,4243474,0,2,0,2,0,6990000000000000000,7000000000000000000,3.495e+18,0.0,0,0.0,0,0,0.0,2,0.0,6990000000000000000,0,9580000000000000,6,0,0,611025350912577624060,0,0,5,0.0,0.0,9752790.8,0.0,0,0.0,0,0,0.0,0,0,0,0
1681,0x8f0bca6b1b2b522082d46f3eec31340f113b029a,44236948.5,110144.26923076923,89551553,3,27,0,27,3,1110000000000000,1018957300000000000,1.2274973703703704e+16,1e+16,7481633864356000000,1.3141449666666667e+17,0,0,0.0,30,3.9424349e+17,331424290000000000,0,0,2,911,0,2096680591130881335,0,1,1,0.0,0.0,0.0,911.0,911,0.0,0,0,0.0,0,1,0,An Etheal Promo
1682,0x8f0e5ef93838ffb9bc2c5afb34c32f55ea97a932,0.0,0.0,0,0,0,0,0,0,0,0,0.0,0.0,0,0.0,0,0,0.0,0,0.0,0,0,0,0,0,0,0,0,0,0,0.0,0.0,0.0,0.0,0,0.0,0,0,0.0,0,0,0,0
1683,0x8f263aD0FfD2aEAaF33aEEB6e689f1D7E6bB4dcd,0.0,0.0,0,0,0,0,0,0,0,0,0.0,0.0,0,0.0,0,0,0.0,0,0.0,0,0,0,0,0,0,0,0,0,0,0.0,0.0,0.0,0.0,0,0.0,0,0,0.0,0,0,0,0
1684,0x8f950B4e6edaCb14DD3c3258943Acd7A922d9F47,0.0,0.0,0,0,0,0,0,0,0,0,0.0,0.0,0,0.0,0,0,0.0,0,0.0,0,0,0,1,0,0,10000000000000000,0,0,1,0.0,0.0,0.0,0.0,0,0.0,0,0,0.0,0,0,0,0
1685,0x902d0d5bb6a34307bbd1da33e61ae1654b6cbe1e,0.0,21288.25,146274,0,5,1,5,0,10000000000000000,1000000000000000000,1.92356304e+17,0.0,0,0.0,0,0,0.0,7,0.0,961781520000000000,0,0,1,13370000000000000000,0,0,0,1,0,0.0,0.0,0.0,1.337e+19,13370000000000000000,0.0,0,0,0.0,0,1,0,Blockwell say NOTSAFU
1686,0x903Dc47Aa7C40f9f59Ef1E5C167ce1A9B39a2bFF,0.0,49497.1875,795916,0,17,1,3,0,0,1750000000000000000,1.0294117647058824e+17,0.0,0,0.0,0,0,0.0,24,0.0,1750000000000000000,0,0,2,0,0,2674000000000000000,0,0,2,0.0,0.0,9774977.0,0.0,0,0.0,0,0,0.0,0,0,0,0
1687,0x903fe18b6023dB2c58623A39b064E7b3d3fd7740,0.0,0.0,0,0,0,0,0,0,0,0,0.0,0.0,0,0.0,0,0,0.0,0,0.0,0,0,0,0,0,0,0,0,0,0,0.0,0.0,0.0,0.0,0,0.0,0,0,0.0,0,0,0,0
1688,0x9044Bca784ff17dD05Bd157f47C9cecb2dbcFFa5,0.0,12291.625,98333,0,9,0,8,0,38526287917737789,4301447287917737789,4.779385875464153e+17,0.0,0,0.0,0,0,0.0,9,0.0,4301447287917737789,0,0,1,0,0,1337000000000000000,0,0,1,0.0,0.0,0.0,0.0,0,0.0,0,0,0.0,0,0,0,0
1689,0x90528e15a6f3f9d6c101d71742e586e716988159,37184.06766917293,171354.0,4959418,134,3,0,1,40,104634400000000000,109997200000000000,3.6665733333333336e+16,0.0,10000000000000000000,722845143254312.2,0,0,0.0,145,9.686124919607784e+16,109997200000000000,0,604664089016995,109,38511774465000625128238458062,2295736234000001379179654872,36215819496140623838816406388,13,36,24,38983.944444444445,16696.972222222223,14737.115384615385,542122044.0,36213640904000000000000000000,1.069771512916684e+27,2659574413,1250349761000000000000000000,1.2754090188888897e+26,13,29,Tether USD,Paribus
1690,0x906047a5b110144e12ad2aad35762a51f421492e,0.0,27124.46835443038,4339887,0,159,1,60,0,0,3500000000000000000,0.0,0.0,0,0.0,0,0,0.0,183,0.0,0,0,0,0,0,0,0,0,0,0,0.0,0.0,0.0,0.0,0,0.0,0,0,0.0,0,0,0,0
1691,0x9068327FF0f5E99aF7D1AEfC5310e4560C32b84B,0.0,135214.30555555556,4867715,0,37,0,27,0,0,41109885483783651869,1.1110779860482068e+18,0.0,0,0.0,0,0,0.0,37,0.0,41109885483783651869,0,0,2,0,0,99010000000000000000,0,0,2,0.0,0.0,118611661.0,0.0,0,0.0,0,0,0.0,0,0,0,0
1692,0x90BDa34FB66c7eAD43CF8955ecdD8676102095eA,0.0,431327.2727272727,4744600,0,12,0,7,0,589156000000000,108603870000000000,416666666666666.7,0.0,0,0.0,0,0,0.0,12,0.0,5000000000000000,0,6029869000000000,0,0,0,0,0,0,0,0.0,0.0,0.0,0.0,0,0.0,0,0,0.0,0,0,0,0
1693,0x90Debc62a8c541c1b3bB5e5D18dbD01661125Ee6,0.0,196.0,196,0,2,0,2,0,0,7000000000000000,0.0,0.0,0,0.0,0,0,0.0,2,0.0,0,0,2017762000000000,3,0,0,82760000000000000000,0,0,3,0.0,0.0,15426.0,0.0,0,0.0,0,0,0.0,0,0,0,0
1694,0x90f10470a7E90d9cB74Ceb57cC7AF22a8c4994FF,0.0,226.74074074074073,5308026,0,28,1,24,0,0,0,0.0,0.0,0,0.0,0,0,0.0,38,0.0,0,0,0,0,0,0,0,0,0,0,0.0,0.0,0.0,0.0,0,0.0,0,0,0.0,0,0,0,0
1695,0x90fb8FFf658e1BD24D274C1A1133C319e055703A,0.0,0.0,0,0,0,0,0,0,0,0,0.0,0.0,0,0.0,0,0,0.0,0,0.0,0,0,0,1,0,0,1337000000000000000,0,0,1,0.0,0.0,0.0,0.0,0,0.0,0,0,0.0,0,0,0,0
1696,0x911Ffa9Ec83BD443ba040f3C5e576D7601c1A433,0.0,301465.5,1205862,0,5,0,5,0,0,10000000000000000,0.0,0.0,0,0.0,0,0,0.0,5,0.0,0,0,7310373038592669,23,0,0,12274788773879971268120,0,0,17,0.0,0.0,225185.31818181818,0.0,0,0.0,0,0,0.0,0,0,0,0
1697,0x91442fD15202Bd77d7e42E59a87Bae18F7FC3AE3,0.0,255720.5,511441,0,3,0,2,0,50000000000000000,2000000000000000000,6.49678e+17,0.0,0,0.0,0,0,0.0,3,0.0,1949034000000000000,0,0,1,0,0,10000000000000000,0,0,1,0.0,0.0,0.0,0.0,0,0.0,0,0,0.0,0,0,0,0
1698,0x91459992BcbF089851abFfa033559C2eEf120469,0.0,116193.23076923077,4531536,0,40,0,24,0,161730820000000,20546133312389142810,5.136533328097286e+17,0.0,0,0.0,0,0,0.0,40,0.0,20546133312389142810,0,0,5,0,0,5348000000000000911,0,0,4,0.0,0.0,7137982.25,0.0,0,0.0,0,0,0.0,0,0,0,0
1699,0x9145Cb518FD02877FE8efA077c3EAd95235fDA22,0.0,110953.0,110953,0,2,0,2,0,509874000000000000,510000000000000009,2.54937e+17,0.0,0,0.0,0,0,0.0,2,0.0,509874000000000000,0,9,0,0,0,0,0,0,0,0.0,0.0,0.0,0.0,0,0.0,0,0,0.0,0,0,0,0
1700,0x915c95415D3449212FD0991CCF5eB42864118EC9,0.0,3150.972222222222,113435,0,37,0,21,0,4700000000000000,21695830510000000000,4.264053756756757e+16,0.0,0,0.0,0,0,0.0,37,0.0,1577699890000000000,0,0,0,0,0,0,0,0,0,0.0,0.0,0.0,0.0,0,0.0,0,0,0.0,0,0,0,0
1701,0x91619a3456FDbAc90bD93f51F2917981f0ED3097,0.0,4029763.625,32238109,0,9,0,8,0,15000000000000000,5344029100000000000,5.937553444444444e+17,0.0,0,0.0,0,0,0.0,9,0.0,5343798100000000000,0,0,2,0,0,916,0,0,1,0.0,0.0,10173680.0,0.0,0,0.0,0,0,0.0,0,0,0,0
1702,0x916d37534f95f30c35A60a58150F48c2D0fF4Be2,0.0,13908132.833333334,83448797,0,7,0,7,0,30320370000000000,4498823964363454000,6.426891377662077e+17,0.0,0,0.0,0,0,0.0,7,0.0,4498823964363454000,0,0,4,0,0,101684000000000000000,0,0,4,0.0,0.0,39534182.0,0.0,0,0.0,0,0,0.0,0,0,0,0
1703,0x91718Fdc91Ea6a5267FAE873eA3d8F612ed5A3ba,0.0,273594.4,1367972,0,6,0,6,0,3462420000000000,9622568480000000000,1.6037614133333332e+18,0.0,0,0.0,0,0,0.0,6,0.0,9622568480000000000,0,0,3,0,0,13380000000000090000,0,0,3,0.0,0.0,64166646.5,0.0,0,0.0,0,0,0.0,0,0,0,0
1704,0x91E159D55e1a1f551306194bb0182AD5c2FF3389,0.0,22470.285714285714,157292,0,8,0,8,0,0,600000000000000000,0.0,0.0,0,0.0,0,0,0.0,8,0.0,0,0,3699962200000000000,0,0,0,0,0,0,0,0.0,0.0,0.0,0.0,0,0.0,0,0,0.0,0,0,0,0
1705,0x91E92019251Fb184030Caa874B45926C39dd900c,0.0,3876174.5,7752349,0,3,0,3,0,240471329701919668,3237321329701919668,1.0791071099006399e+18,0.0,0,0.0,0,0,0.0,3,0.0,3237321329701919668,0,0,0,0,0,0,0,0,0,0.0,0.0,0.0,0.0,0,0.0,0,0,0.0,0,0,0,0
1706,0x91b99dab2aaa6c87606924e1112c952276cb1b58,0.0,0.0,0,0,0,0,0,0,0,0,0.0,0.0,0,0.0,0,0,0.0,0,0.0,0,0,0,0,0,0,0,0,0,0,0.0,0.0,0.0,0.0,0,0.0,0,0,0.0,0,0,0,0
1707,0x91c5045DBeD2066c8e68Dd023329f6885a6540b0,0.0,10413.888888888889,93725,0,10,0,3,0,0,13272100000000000,0.0,0.0,0,0.0,0,0,0.0,10,0.0,0,0,8046142000000000,14,0,0,16553518474956567277306,0,0,5,0.0,0.0,8126.538461538462,0.0,0,0.0,0,0,0.0,0,0,0,0
1708,0x91e35d6c5B7323647e0cc1d274A072AC5CBB4340,0.0,0.0,0,0,0,0,0,0,0,0,0.0,0.0,0,0.0,0,0,0.0,0,0.0,0,0,0,3,0,0,2684000000000000000,0,0,3,0.0,0.0,57827193.5,0.0,0,0.0,0,0,0.0,0,0,0,0
1709,0x91e5aBCC8F5E9a32A3407F71D6d63D28ca10756d,0.0,0.0,0,0,0,0,0,0,0,0,0.0,0.0,0,0.0,0,0,0.0,0,0.0,0,0,0,1,0,0,13370000000000000000,0,0,1,0.0,0.0,0.0,0.0,0,0.0,0,0,0.0,0,0,0,0
1710,0x9205ddb511303ab460698085fdaac7a81cbd93d4,756874.4565217391,668158.1153846154,34828147,47,53,0,39,1,1396000000000000,103000000000000000000,3.22200479245283e+16,7.8603211e+16,103002335380000000000,3.628409659574468e+16,0,0,0.0,100,1.70535254e+18,1707662540000000000,0,533686200,0,0,0,0,0,0,0,0.0,0.0,0.0,0.0,0,0.0,0,0,0.0,0,0,0,0
1711,0x920aDc9A060cdA345fdEc2fdeBAd6EBF38eDf83D,0.0,481807.4,4818074,0,11,0,10,0,60000000000000000,11789559000000000000,1.071778090909091e+18,0.0,0,0.0,0,0,0.0,11,0.0,11789559000000000000,0,0,2,0,0,520127277543184605040,0,0,2,0.0,0.0,2049354.0,0.0,0,0.0,0,0,0.0,0,0,0,0
1712,0x92127085c609bde93CaB077e60f417D852222299,0.0,0.0,0,0,0,0,0,0,0,0,0.0,0.0,0,0.0,0,0,0.0,0,0.0,0,0,0,0,0,0,0,0,0,0,0.0,0.0,0.0,0.0,0,0.0,0,0,0.0,0,0,0,0
1713,0x922f419C0F282E2379005a2be675239323B52808,0.0,0.0,0,0,0,0,0,0,0,0,0.0,0.0,0,0.0,0,0,0.0,0,0.0,0,0,0,0,0,0,0,0,0,0,0.0,0.0,0.0,0.0,0,0.0,0,0,0.0,0,0,0,0
1714,0x92370e8B926F29038104a1FbaFA024389E753FbE,0.0,935963.3333333334,2807890,0,4,0,4,0,1915310000000000,4601733240000000000,1.15043331e+18,0.0,0,0.0,0,0,0.0,4,0.0,4601733240000000000,0,0,0,0,0,0,0,0,0,0.0,0.0,0.0,0.0,0,0.0,0,0,0.0,0,0,0,0
1715,0x925B2B9371fdf0E21597FAFC3D379Cf3d2160277,0.0,17174.45,343489,0,21,0,20,0,250000000000000,13428860600000000000,6.394695523809523e+17,0.0,0,0.0,0,0,0.0,21,0.0,13428860600000000000,0,97871829000,0,0,0,0,0,0,0,0.0,0.0,0.0,0.0,0,0.0,0,0,0.0,0,0,0,0
1716,0x92FA227D01DedeDAE2a50B9Da02413C48a872424,0.0,23006.5,46013,0,3,0,2,0,1000000000000000,519659690000000000,1.7225656333333334e+17,0.0,0,0.0,0,0,0.0,3,0.0,516769690000000000,0,0,3,0,0,2684000000000000000,0,0,3,0.0,0.0,57826804.5,0.0,0,0.0,0,0,0.0,0,0,0,0
1717,0x92cd726CE03cEaa4bF7198ce9c52D05D63ceE575,0.0,13852.0,138520,0,11,0,11,0,10000000000000000,8608059530000000000,7.825508663636364e+17,0.0,0,0.0,0,0,0.0,11,0.0,8608059530000000000,0,0,4,0,0,5348000000000000000,0,0,3,0.0,0.0,3258325.6666666665,0.0,0,0.0,0,0,0.0,0,0,0,0
1718,0x92d43D2f55E077D1beBC6e348a9F4FF64fD4F21A,0.0,0.0,0,0,0,0,0,0,0,0,0.0,0.0,0,0.0,0,0,0.0,0,0.0,0,0,0,3,0,0,2684000000000000000,0,0,3,0.0,0.0,57826804.5,0.0,0,0.0,0,0,0.0,0,0,0,0
1719,0x92fbf673935c28296e33170C1F70A33d95cDA6DC,0.0,144891.6,6520122,0,46,0,24,0,0,17441236450000000000,1013597409245022.0,0.0,0,0.0,0,0,0.0,46,0.0,46625480825271011,0,30362866531691836,10,0,0,46867310403966840619760,0,0,2,0.0,0.0,272311.0,0.0,0,0.0,0,0,0.0,0,0,0,0
1720,0x93297B6c882a3bc1BfB1F6eE0e56295606e443ff,0.0,336287.375,2690299,0,9,0,9,0,8603630000000000,7853037780000000000,8.725597533333334e+17,0.0,0,0.0,0,0,0.0,9,0.0,7853037780000000000,0,0,0,0,0,0,0,0,0,0.0,0.0,0.0,0.0,0,0.0,0,0,0.0,0,0,0,0
1721,0x933227EE8b04c72DC864788Fb9Cf2E5352B5E147,0.0,8506590.166666666,51039541,0,7,0,5,0,5000000000000000,6000000000000000000,5.572945e+17,0.0,0,0.0,0,0,0.0,7,0.0,3901061500000000000,0,0,2,0,0,3902179388800000000,0,0,2,0.0,0.0,8089188.0,0.0,0,0.0,0,0,0.0,0,0,0,0
1722,0x933B60E1fCF840F9cb86BBA98077b4e9ae0A91D6,0.0,1935281.0,3870562,0,3,0,3,0,914660650000000000,2463013000000000000,8.210043333333334e+17,0.0,0,0.0,0,0,0.0,3,0.0,2463013000000000000,0,582566503950,0,0,0,0,0,0,0,0.0,0.0,0.0,0.0,0,0.0,0,0,0.0,0,0,0,0
1723,0x934a0a1BFE01eEb4415689d8E66e56e3F1f13077,0.0,3207.086956521739,102756,0,24,1,5,0,0,6978699360000000000,2.875e+17,0.0,0,0.0,0,0,0.0,25,0.0,6900000000000000000,0,0,1,0,0,13370000000000000000,0,0,1,0.0,0.0,0.0,0.0,0,0.0,0,0,0.0,0,0,0,0
1724,0x934f49fCF451A34026E3dFc3f26a1De01b83b509,0.0,16457.909090909092,543111,0,34,0,24,0,65929139361014,5227831530539361014,1.537597508982165e+17,0.0,0,0.0,0,0,0.0,34,0.0,5227831530539361014,0,0,2,0,0,2674000000000000000,0,0,2,0.0,0.0,9774199.0,0.0,0,0.0,0,0,0.0,0,0,0,0
